name,email
Alice,alice@example.com
Bob,bob@example.com
Charlie,charlie@example.com
David,david@example.com
Eve,eve@example.com
Frank,frank@example.com
Grace,grace@example.com
Heidi,heidi@example.com
Ivan,ivan@example
Judy,judy@example.com
Kelly,kelly@example.com
Liam,liam@example.com
Mia,mia@example.com
Noah,sdfg
Olivia,olivia@example.com
Peter,peter@example.com
Quinn,quinn@example.com
Rachel,rachel@example.com
Sam,sam@example.com
Tina,tina@example.com
Uma,uma@example.com
Victor,victor@example.com
Wendy,wendy@example.com
Xavier,xavier@example.com
Yara,yara@example.com
Zack,zack@example.com
Anna,anna@example.com
Ben,ben
Catherine,catherine@example.com
Daniel,daniel@example.com
Ella,ella@example.com
Felix,felix@example.com
Georgia,georgia@example.com
Henry,henry@example.com
Isabel,isabel@example.com
Jack,jack@example.com
Karen,karen@example.com
Leo,leo@example.com
Megan,megan@example.com
Nathan,nathan@example.com
Pamela,pamela@example.com
Oscar,oscar@example.com
Rebecca,rebecca@example.com
Steve,steve@example.com
Sophia,sophia@example.com
Thomas,thomas@example.com
Ursula,ursula@example.com
Vincent,vincent@example.com
Willow,willow@example.com
Xena,xena@example.com
Alice,alice@example.com
Bob,bob@example.com
Charlie,charlie@example.com
David,david@example.com
Eve,eve@example.com
Frank,frank@example.com
Grace,grace@example.com
Heidi,heidi@example.com
Ivan,ivan@example
Judy,judy@example.com
Kelly,kelly@example.com
Liam,liam@example.com
Mia,mia@example.com
Noah,sdfg
Olivia,olivia@example.com
Peter,peter@example.com
Quinn,quinn@example.com
Rachel,rachel@example.com
Sam,sam@example.com
Tina,tina@example.com
Uma,uma@example.com
Victor,victor@example.com
Wendy,wendy@example.com
Xavier,xavier@example.com
Yara,yara@example.com
Zack,zack@example.com
Anna,anna@example.com
Ben,ben
Catherine,catherine@example.com
Daniel,daniel@example.com
Ella,ella@example.com
Felix,felix@example.com
Georgia,georgia@example.com
Henry,henry@example.com
Isabel,isabel@example.com
Jack,jack@example.com
Karen,karen@example.com
Leo,leo@example.com
Megan,megan@example.com
Nathan,nathan@example.com
Pamela,pamela@example.com
Oscar,oscar@example.com
Rebecca,rebecca@example.com
Steve,steve@example.com
Sophia,sophia@example.com
Thomas,thomas@example.com
Ursula,ursula@example.com
Vincent,vincent@example.com
Willow,willow@example.com
Xena,xena@example.com
Alice,alice@example.com
Bob,bob@example.com
Charlie,charlie@example.com
David,david@example.com
Eve,eve@example.com
Frank,frank@example.com
Grace,grace@example.com
Heidi,heidi@example.com
Ivan,ivan@example
Judy,judy@example.com
Kelly,kelly@example.com
Liam,liam@example.com
Mia,mia@example.com
Noah,sdfg
Olivia,olivia@example.com
Peter,peter@example.com
Quinn,quinn@example.com
Rachel,rachel@example.com
Sam,sam@example.com
Tina,tina@example.com
Uma,uma@example.com
Victor,victor@example.com
Wendy,wendy@example.com
Xavier,xavier@example.com
Yara,yara@example.com
Zack,zack@example.com
Anna,anna@example.com
Ben,ben
Catherine,catherine@example.com
Daniel,daniel@example.com
Ella,ella@example.com
Felix,felix@example.com
Georgia,georgia@example.com
Henry,henry@example.com
Isabel,isabel@example.com
Jack,jack@example.com
Karen,karen@example.com
Leo,leo@example.com
Megan,megan@example.com
Nathan,nathan@example.com
Pamela,pamela@example.com
Oscar,oscar@example.com
Rebecca,rebecca@example.com
Steve,steve@example.com
Sophia,sophia@example.com
Thomas,thomas@example.com
Ursula,ursula@example.com
Vincent,vincent@example.com
Willow,willow@example.com
Xena,xena@example.com
Alice,alice@example.com
Bob,bob@example.com
Charlie,charlie@example.com
David,david@example.com
Eve,eve@example.com
Frank,frank@example.com
Grace,grace@example.com
Heidi,heidi@example.com
Ivan,ivan@example
Judy,judy@example.com
Kelly,kelly@example.com
Liam,liam@example.com
Mia,mia@example.com
Noah,sdfg
Olivia,olivia@example.com
Peter,peter@example.com
Quinn,quinn@example.com
Rachel,rachel@example.com
Sam,sam@example.com
Tina,tina@example.com
Uma,uma@example.com
Victor,victor@example.com
Wendy,wendy@example.com
Xavier,xavier@example.com
Yara,yara@example.com
Zack,zack@example.com
Anna,anna@example.com
Ben,ben
Catherine,catherine@example.com
Daniel,daniel@example.com
Ella,ella@example.com
Felix,felix@example.com
Georgia,georgia@example.com
Henry,henry@example.com
Isabel,isabel@example.com
Jack,jack@example.com
Karen,karen@example.com
Leo,leo@example.com
Megan,megan@example.com
Nathan,nathan@example.com
Pamela,pamela@example.com
Oscar,oscar@example.com
Rebecca,rebecca@example.com
Steve,steve@example.com
Sophia,sophia@example.com
Thomas,thomas@example.com
Ursula,ursula@example.com
Vincent,vincent@example.com
Willow,willow@example.com
Xena,xena@example.com
Alice,alice@example.com
Bob,bob@example.com
Charlie,charlie@example.com
David,david@example.com
Eve,eve@example.com
Frank,frank@example.com
Grace,grace@example.com
Heidi,heidi@example.com
Ivan,ivan@example
Judy,judy@example.com
Kelly,kelly@example.com
Liam,liam@example.com
Mia,mia@example.com
Noah,sdfg
Olivia,olivia@example.com
Peter,peter@example.com
Quinn,quinn@example.com
Rachel,rachel@example.com
Sam,sam@example.com
Tina,tina@example.com
Uma,uma@example.com
Victor,victor@example.com
Wendy,wendy@example.com
Xavier,xavier@example.com
Yara,yara@example.com
Zack,zack@example.com
Anna,anna@example.com
Ben,ben
Catherine,catherine@example.com
Daniel,daniel@example.com
Ella,ella@example.com
Felix,felix@example.com
Georgia,georgia@example.com
Henry,henry@example.com
Isabel,isabel@example.com
Jack,jack@example.com
Karen,karen@example.com
Leo,leo@example.com
Megan,megan@example.com
Nathan,nathan@example.com
Pamela,pamela@example.com
Oscar,oscar@example.com
Rebecca,rebecca@example.com
Steve,steve@example.com
Sophia,sophia@example.com
Thomas,thomas@example.com
Ursula,ursula@example.com
Vincent,vincent@example.com
Willow,willow@example.com
Xena,xena@example.com
Alice,alice@example.com
Bob,bob@example.com
Charlie,charlie@example.com
David,david@example.com
Eve,eve@example.com
Frank,frank@example.com
Grace,grace@example.com
Heidi,heidi@example.com
Ivan,ivan@example
Judy,judy@example.com
Kelly,kelly@example.com
Liam,liam@example.com
Mia,mia@example.com
Noah,sdfg
Olivia,olivia@example.com
Peter,peter@example.com
Quinn,quinn@example.com
Rachel,rachel@example.com
Sam,sam@example.com
Tina,tina@example.com
Uma,uma@example.com
Victor,victor@example.com
Wendy,wendy@example.com
Xavier,xavier@example.com
Yara,yara@example.com
Zack,zack@example.com
Anna,anna@example.com
Ben,ben
Catherine,catherine@example.com
Daniel,daniel@example.com
Ella,ella@example.com
Felix,felix@example.com
Georgia,georgia@example.com
Henry,henry@example.com
Isabel,isabel@example.com
Jack,jack@example.com
Karen,karen@example.com
Leo,leo@example.com
Megan,megan@example.com
Nathan,nathan@example.com
Pamela,pamela@example.com
Oscar,oscar@example.com
Rebecca,rebecca@example.com
Steve,steve@example.com
Sophia,sophia@example.com
Thomas,thomas@example.com
Ursula,ursula@example.com
Vincent,vincent@example.com
Willow,willow@example.com
Xena,xena@example.com
Alice,alice@example.com
Bob,bob@example.com
Charlie,charlie@example.com
David,david@example.com
Eve,eve@example.com
Frank,frank@example.com
Grace,grace@example.com
Heidi,heidi@example.com
Ivan,ivan@example
Judy,judy@example.com
Kelly,kelly@example.com
Liam,liam@example.com
Mia,mia@example.com
Noah,sdfg
Olivia,olivia@example.com
Peter,peter@example.com
Quinn,quinn@example.com
Rachel,rachel@example.com
Sam,sam@example.com
Tina,tina@example.com
Uma,uma@example.com
Victor,victor@example.com
Wendy,wendy@example.com
Xavier,xavier@example.com
Yara,yara@example.com
Zack,zack@example.com
Anna,anna@example.com
Ben,ben
Catherine,catherine@example.com
Daniel,daniel@example.com
Ella,ella@example.com
Felix,felix@example.com
Georgia,georgia@example.com
Henry,henry@example.com
Isabel,isabel@example.com
Jack,jack@example.com
Karen,karen@example.com
Leo,leo@example.com
Megan,megan@example.com
Nathan,nathan@example.com
Pamela,pamela@example.com
Oscar,oscar@example.com
Rebecca,rebecca@example.com
Steve,steve@example.com
Sophia,sophia@example.com
Thomas,thomas@example.com
Ursula,ursula@example.com
Vincent,vincent@example.com
Willow,willow@example.com
Xena,xena@example.com
